{
  "directory": "garfield",
  "defaultZoom": 1,
  "isPixelStage": false,
  "boyfriend": [
    674.99999999999989,
    351.66666666666697
  ],
  "girlfriend": [
    400.0,
    130.0
  ],
  "opponent": [
    125.0000000000001,
    56.6666666666666
  ],
  "hide_girlfriend": true,
  "camera_boyfriend": [
    0.0,
    0.0
  ],
  "camera_opponent": [
    0.0,
    0.0
  ],
  "camera_girlfriend": [
    0.0,
    0.0
  ],
  "camera_speed": 1.0
}